,Column Reference Code,Actual Code,Age,Ethnicity,Predcition Codes,Relative Confidence Percentage,Standard Confidence Percentage
0,Unnamed: 0,,,nan,"['Code 18', 'Code 10', 'Code 9', 'Code 31', 'Code 8']","[100.0, 107.79751833051326, 124.7179921037789, 135.36379018612521, 171.91201353637902]","[-7.986486486486486, -21.9683908045977, -9.213541666666668, -26.666666666666664, -101.6]"
1,Categories,,,nan,"['Code 10', 'Code 18', 'Code 9', 'Code 31', 'Code 8']","[100.0, 100.68663257852447, 117.5310445580716, 140.24835646457268, 166.4280496712929]","[-7.708333333333334, -24.971014492753625, -8.380208333333332, -80.0, -36.51282051282051]"
2,Unnamed: 2,,,nan,"['Code 18', 'Code 10', 'Code 9', 'Code 31', 'Code 8']","[100.0, 107.79751833051326, 124.7179921037789, 135.36379018612521, 171.91201353637902]","[-7.986486486486486, -21.9683908045977, -9.213541666666668, -26.666666666666664, -101.6]"
3,ID,Codes,,nan,"['Code 10', 'Code 9', 'Code 8', 'Code 18', 'Code 31']","[100.0, 127.07275803722504, 196.44670050761422, 209.81387478849408, 209.81387478849408]","[-18.94230769230769, -62.583333333333336, -15.1171875, -14.351851851851851, -39.743589743589745]"
