,Column Reference Code,Actual Code,Age,Ethnicity,Predcition Codes,Relative Confidence Percentage,Standard Confidence Percentage
0,9011,Code-37,21,,"['Code 38', 'Code 37', 'Code 32', 'Code 33', 'Code 36']","[97.78126469362235, 97.78126469362235, 89.44445769070447, 81.06596665277199, 77.73124385160484]","[16.680572938395212, -12494.79166666666, 18.359883779180432, 13.892365456821022, 12.30623139308079]"
